chr,start,stop,shift,resFrag,dir,AT,GC,seq,pass,rep,gcScore,qualityScore,quality
chr8,133000000,133000120,0,1,f,0.716667,0.283333,TAAATTTTTCATTACCCAGTTAACAATGAAAATTAATTCTGGTGTGTGTCCTTACTATAGCCCAGCCATTTTCAAATGCTTAAGAGTATTTACTTCTGTTTTTTAATTTTGCTATTGAAA,3,0,0.266667,0.703703333,High
chr8,133000095,133000215,19,1,r,0.75,0.25,CTGTTTTTTAATTTTGCTATTGAAAACCTTCAGTAAATCTCTAACGACATAGATATGATTTTACCAGGAGCAAATCAAGTCCTTGAATATTTATTGTTACAATACttaatattttattta,3,15,0.3,0.409090909,Low
chr8,133000291,133000411,57,2,f,0.75,0.25,TAATGATAAGTGATTATTTAGGTTAATGAATTAGGCAACTTTCGTTATTTGAAAGAGTACAGACTTGTTATATAAATAAAACTACAAACTTTTTGAGTTAGGAATTTTTTTTTCTCTGTG,3,0,0.3,0.493939394,Medium
chr8,133000592,133000712,0,2,r,0.666667,0.333333,TTAGTTCTTTGGGGATACCTCTGTTCTACAAGAGAACCATTTGATTTCACTTAGAAAGATTTCTGGATTAGTCACTACAAGTAGTGCAGTCTTTGTAAATGGCTTTTTTTTAATAACATG,3,0,0.216667,0.759258889,High
chr8,133000716,133000836,4,3,f,0.716667,0.283333,CAAAATATATACATTTAGTACAGTAATAGTTGTTCATAACAGTCTGAGATGTTAATGAGTGCTTTTGCATTTTCTTTTAAATTTTATGCTTTAAAAGATTGTGTTCCTCAGGAACTCCTT,3,0,0.266667,0.691582121,Medium
chr8,133002149,133002269,73,6,f,0.6,0.4,TTGTATTTTACTTATCTCTTATCAACCTAGAATTCGAATGAATAGTGTATGTTTAGGCCTGTGCCAAGTACTGCTTTGTGAGGGGAAAACAGTAGTGTCCCCCATCTGAATCGTTCAGAG,1,0,0.15,0.612121212,Medium
chr8,133003992,133004112,75,9,r,0.5,0.5,GCTCCAAAGCCGAAAGTCTCAAGAAAGTGAAAGGAAAGTAAGGTAATGTTGGAATGTGGGTGCTAGGAAGTTGGGGGGTGAGAAGGCAGGTAGAGGAGCTTCCACAAAGGGAAAGGTGGC,0,0,0.05,0.717171717,High
chr8,133004199,133004319,12,10,f,0.6,0.4,GACAACACTATATTTCCTTTTTGTTCTCAATGATTTTGCCGCTCAGTGACCCCTTTCCTGCCCCCATACTTGTCTTTTCTTTTTTATTATTGGCTTCAACATGACTCTCTTTCTGCAACC,1,0,0.15,0.796969697,High
chr8,133004290,133004410,22,10,r,0.6,0.4,GGCTTCAACATGACTCTCTTTCTGCAACCCCTCAGCTTTCATAAATTAACCCAGAAATTATTTTATAGCCTCCTTTGAGAGAAGCCCTTATTTTCACTTCCGGTGAGACCTTGAAAGTTA,1,0,0.15,0.766666667,High
chr8,133004436,133004556,4,11,f,0.641667,0.358333,AGCAGGCATGACCACATACTGCTTTGTGGCAATTCCATTGATGTCTTTATGTCCAGTTATTTGTATCAAAGCATATGATTATGAAGGAAAAACAAAAAATACAGGGTCTAGGTTAACTCA,3,0,0.191667,0.774915455,High
chr8,133004951,133005071,0,11,r,0.591667,0.408333,GGCAGGTAATGACATGATTCTAGAAAGCAGATATCCCACAGCGTGCACAGAGGTTAGAAAACAGGCATCTTTGAGTTGAACACTAGATTAATTAGGGAAGGTTGAAGTTACTGTTGGTAA,1,0,0.141667,0.842592222,High
chr8,133005075,133005195,4,12,f,0.591667,0.408333,TGATGAGAGAGCCTAGAATGTCCTTTTAATTCACAAGCAGTTTGGGGGGCATGGCTTGGGAAGTTATGTGGTTAGTGTTTTAAGAAGCTTAGTTAACATGGTGGTGACATACAGGTAAAA,1,0,0.141667,0.83047101,High
chr8,133006821,133006941,4,14,f,0.666667,0.333333,TGTTTTAGAAAACTCTATTGGTAGTATAGAAGGGAGAAACATACTAGAAGACCCACTTGAAAGCTATACTAAGAGTTTAGGTAAGAAAAGATGAAGATTTTGAACGATGACACTCTTGAA,3,0,0.216667,0.747137677,High
chr8,133007169,133007289,103,14,r,0.6,0.4,GTGACCTGGGTGAGTACATTCTTTTTAGGACTGGGAGTAGAACAGTAGCCAGCTTGGCATCATTGTCACCCTTTCTGAATTCTCTTCTGTATCATAAAGGAAAAATTGGAACTATGTTTT,2,0,0.15,0.521212121,Medium
chr8,133007396,133007516,4,15,f,0.55,0.45,AGACTAGAAGCTTCCAGAGCTTCTTGAGAATTACCATCTCCATGCTGCAGACTGAGACTATCCGATGGCTAGCCTAACTTTTACTCACTCAGCTTTCCAAGGGTTGAATCAGCCTCTAAT,1,0,0.1,0.876767677,High
chr8,133007840,133007960,43,16,f,0.6,0.4,GGGCTAGGAATAGCTTTTGAATTTAGTGATTTGGAAGACCGTGGAATTTTATTTAAAAGCGCTGTCAGAAGAGTGGTTGGGGTTGGGATTATAATTACAGGACTTCAGCATAGTCAGTAG,1,0,0.15,0.703030303,High
chr8,133008537,133008657,0,16,r,0.75,0.25,GACAAACTGTCTGAATTTTTTGACAGTTTTTGAAATCTGAAATAAGTAGAGTTTATAAATGAAAACCAACATAACATTTCTAGCAAATAATGGGAAGAAAACAATTTTATTTTAGATGAA,3,0,0.3,0.666666667,Medium
chr8,133008661,133008781,4,17,f,0.625,0.375,GACTTTCTAGAAGAAAAAGCATTGTGGACACCGTATCCATTCAGGTGGATATTTTATCCAACAATGTTCCTTCTGATGATGTGGTAAGTTACTGAAAGTTTATGGTAGAGTACTGTCTTG,3,0,0.175,0.793434343,High
chr8,133010125,133010245,0,17,r,0.75,0.25,TCAGTCTATTTTGATAAAATCAACTGAAAAAACATTTGCATAAAGACTCAATGTAGGGGAAAGATTCTTGACACAAATCTTACATTAAAAGTCTGTTAATATTTTTATTAACTTTTACAA,3,0,0.3,0.666666667,Medium
chr8,133010249,133010369,4,18,f,0.666667,0.333333,CTGTTGTTTTTCATTTACTATAAGTCCTAAGTCAAATATGCCTCACACCAAGCATCTGAAAAGTTAAGTACAGTTTAGTGTCACATTTGCTTGAGCACATTTGAGTTTCAGATTCATTTA,3,0,0.216667,0.747137677,High
chr8,133010475,133010595,0,18,r,0.725,0.275,GACAGGAGAAATTCACATCAGATAGATATTTTACCAGTTAATGGTGCAGCAGAATATCAAACTATTTTCTTAAAATGAATCAGATAAGAACATTGCTCATAAAAAATAACTTTTTTGTTT,3,0,0.275,0.694444444,Medium
chr8,133010600,133010720,5,19,f,0.75,0.25,AAATTATTTATAGTTTTATATGTATAATCCTAGTTTATCCTGAGATGTATTTGCTTTTGCTTTTTAAACTTATAATTTAAAAAAAAAGAGAGAGAGTCAGAAGGTTGTTTAGATGGAGAC,3,0,0.3,0.651515152,Medium
chr8,133010658,133010778,0,19,r,0.7,0.3,GCTTTTTAAACTTATAATTTAAAAAAAAAGAGAGAGAGTCAGAAGGTTGTTTAGATGGAGACCATAACAAACTTCTGTTTCCCTAAACTCAAATTGTTACTCTAGTCTATTGAAATACCT,3,0,0.25,0.722222222,High
chr8,133010793,133010913,4,21,f,0.7,0.3,TGCCAGTTCTGACATTTGCAATTCCAACCTTGGCCTACTGAGAATCATTTGGTGAACTTTTTCTAAAAGTTGCCATATATAAAAAGATGTATATTATTATTTCTTCTAAATAATGCATTA,3,0,0.25,0.71010101,High
chr8,133011296,133011416,75,21,r,0.691667,0.308333,ATAACTGATATGAGTAAAACCTGAAATCACCACACTACTCTTCTCTCTAAAAGCTTATAGTAAGTGCTTGATTATTTAAGGGCATGGGCAGGATGttatatatattaaattttgagtata,3,25,0.241667,0.170875051,Low
chr8,133011495,133011615,4,22,f,0.625,0.375,TTTGTTTTATATCCATCTACTCCTGCCTTTTTTCCCCAAATGCAACTGGAGAAACTTGTGTGTATGCTAGCATCTAGTCAATATTAGTCACACTCTGTGGTGCTAGATGCTATCAAATTA,3,0,0.175,0.793434343,High
chr8,133011598,133011718,0,22,r,0.683333,0.316667,TAGATGCTATCAAATTACTATATTAGTAGTAGTGACATAGCAACTACTATAATTAGAAAAAGATGAATGGCAGATTTTATGTAGGCCCAAGGGCATTATATAGTCTAGGTTAGTGTTGTA,3,0,0.233333,0.740741111,High
chr8,133012664,133012784,52,28,f,0.583333,0.416667,gtgcctggccGACTTGGGGGTTCTTGATGCTAGGAAGCTGCATCATAATTATCTGAATTAAGGCAAACAGGGACAAAAAGTGAAGAGTTAGTAGGGTAAGGTATTTTAGCTCTTTACTTA,1,10,0.133333,0.560943131,Medium
chr8,133015213,133015333,0,28,r,0.691667,0.308333,GGTTTTCCATGATTTTGCTGCAGGTATTTTGTTTTATGTGTTTGTTGATATGTTTTTAACATTGAGACGAGGAAAGGGAAAAAAAGACAACCCTTACATTAAATTCTAATAGATAAGACA,3,0,0.241667,0.731481111,High
chr8,133015375,133015495,42,29,f,0.75,0.25,TCAGCTTAATAGTCACAATTATACTTTGTCTCTTAAGTTACATTGATATTATTATATATAGATACCTAGAAAATAAACCATTCTTAACATTTTTTTCTTTTTTGCAGGCAAATTTGCTTC,3,0,0.3,0.539393939,Medium
chr8,133015490,133015610,54,29,r,0.6,0.4,GCTTCATGATAGACTTGCCCAAATATTGGAACTCACCATACGGTAAGGGTTTTGTTATCACAATAGCAATAACACACACACACGAATAGAAACTGACAGACCCCTATGAATTTGTGGTTC,1,0,0.15,0.66969697,Medium
chr8,133015792,133015912,4,32,f,0.691667,0.308333,TCTTAAGTACATCTGGGTAATTTAAAAAAGACCCATATTCTAATATTATGCTTAATTAGGAAATTGCTCATATTGAATCGTTTTGTCCTGCAGAAACTGCATTTTAATATGTCAGCCTCA,3,0,0.241667,0.719359899,High
chr8,133016396,133016516,98,32,r,0.625,0.375,TCCCATTCCTGCTATACTCTCTTAAGTTGAGAATCACTCATTTACAAAATTTAAGAACAGAAAATCAGACTAAAATATTCAATATGTGCTAGACAaggggtccccaaccctcagtccaga,3,25,0.175,0.175252525,Low
chr8,133017700,133017820,66,38,r,0.5,0.5,GCAGTAAAATACAGTGAGAATAAGCAGCCTCACAGATAACCCAGTTATTGGAATTAGTAGAAAAGGCCCTTAGAACACCACACACCCACACCCCCCACCCAGGCCCCACACACACACGTC,0,0,0.05,0.744444444,High
chr8,133021245,133021365,29,48,f,0.75,0.25,tcccttaataaaaaaTTTAAGTGTATTGTAAATACTGGAACAATTGCAAAATTGTTAGTTACCAAAAATAGATATACCAGGAAAATATAAGAAAACCAACTGAATAACTTAACAATTGAG,3,15,0.3,0.378787879,Low
chr8,133021742,133021862,4,49,f,0.633333,0.366667,tttggtacttacaccagattggACCTGCATATGGGTAAGTGGAAGAGAGGAAAATTCAAGTATAGAAGGTATCTGTGGTAAAGATAAGATTTCAGATTTTCAAAGAAAAGGGCAACTGTT,3,22,0.183333,0.490842121,Medium
chr8,133021747,133021867,0,49,r,0.633333,0.366667,tacttacaccagattggACCTGCATATGGGTAAGTGGAAGAGAGGAAAATTCAAGTATAGAAGGTATCTGTGGTAAAGATAAGATTTCAGATTTTCAAAGAAAAGGGCAACTGTTGAGTT,3,17,0.183333,0.56963,Medium
chr8,133021871,133021991,4,50,f,0.575,0.425,TCATTTGGACAACTGCTGAACACTACTGACCAGCGAGGAAGGGTCGGGGGAAGTTTTCCACTTCACTTCTTTTGCCAAGGTAGACAGCTTCACTCATTGTTTAGAAAAATACATAAAAAC,1,0,0.125,0.848989899,High
chr8,133022801,133022921,0,50,r,0.633333,0.366667,TAAAATTGTATATACATATTTTCCAAGGAAAATGTCTGCTTTAGACTTAAAAACAGTTTGACACTACTGCAGTCTGTTTCCCATGCAGCCTTGTAGCTGGCCAGTAACTACAATGGCATT,3,0,0.183333,0.796296667,High
chr8,133022936,133023056,15,51,f,0.6,0.4,GGAGTCTGACTTTGATATTCGCAGATAGTAGATAGAATACTCGGTGAAATGAACAGCTTGTAAGTACACCTGCTGACAATGTATTTTTGTTCTTTTATAGTCCTCCTCCCAGTCCATCAG,1,0,0.15,0.787878788,High
chr8,133023004,133023124,0,51,r,0.558333,0.441667,CCTGCTGACAATGTATTTTTGTTCTTTTATAGTCCTCCTCCCAGTCCATCAGGAACACTGACCATTACTTCTGGGCATGCCCAATACCAATCTGTCCCAGTCTATGAGATGAAGTTTCCA,1,0,0.108333,0.87963,High
chr8,133023144,133023264,4,53,f,0.65,0.35,GGCGCATGAAGACCTCAGGATATGATTTGTAAAGCCTAAAAATTAAGGCCAAGCTGAGCTTTCAGGGTTTACTTAATGTGTATTAACATACTTCTTGAAAATAATGATGGAACATATCTT,3,0,0.2,0.765656566,High
chr8,133024117,133024237,0,53,r,0.675,0.325,TTGAACTGTGACTTGTATACATCTGTTTAGAATCAATTATATTTGAAAAGCTGCCTGTGTTTTAACAGTCAAGTGTGCTAAAGTTTGTCAATTTAAGCTGCTTTTGATTTCAGCTACCAA,3,0,0.225,0.75,High
chr8,133024241,133024361,4,54,f,0.658333,0.341667,ACAGGTGCACTCTACACATAACACTGACAGACCCATAACATTACATACATCTTAGTGAATTCTATCACATGGTAAAATGAACAGCTTTCTTTGTAACTCATAAAATTCTCTTAGGACATT,3,0,0.208333,0.756397677,High
chr8,133024548,133024668,0,54,r,0.675,0.325,AGACAAAAGTAAGGAAACGATAATAGGACAAGCATACTTGAAAATTTCTGAATACTTAAACAAAAGCGCAACATCTTGAAAACCAGTCTAGTCATTGAAACCTATGAAATGACACTGAAA,3,0,0.225,0.75,High
chr8,133024792,133024912,4,57,f,0.725,0.275,AGGAAAAATGCTTCACCAGTCCGTAAAGCCAAGTTGTATTTTTTTAATTGCCCTTTTTTCCTTCTGTATTTTTAAAGAAGGATGTTAATTTTTGACTATATATTTTAAAAAAATCTAAGC,3,0,0.275,0.682323232,Medium
chr8,133025152,133025272,0,57,r,0.641667,0.358333,TCTTGGTCTTTGTTGATTTGGGTTTTGTTGGGGTTTTTGTTACTGTTTTTAAATTACAGTAGGCTTCTATATATCCTGGATTTCTGAACTGGTCTTGTTGACAAGGATTCCCAAGAAATG,3,0,0.191667,0.787036667,High
chr8,133025276,133025396,4,58,f,0.55,0.45,TTTTCACTGGCTGACTCTCCCATATCTGCAAGAGATTCTGCAGGAACTGGGTGTGCACACGGTGTTGTAGCCAGTTCAGGTACTGAATATTTAGGATTTGGTGAAGTTCACTGTATTGCT,1,0,0.1,0.876767677,High
chr8,133026017,133026137,81,59,f,0.6,0.4,CAGTATGCCAAGTGAATTCGTTCCCATGTACATTGGAAGTATCAGAATGATAACTGCTAGTCATGACAATGACAAGACGTAGTAAGGTAAAGTTCACAGTGTGTGCTTGTGAAAGTGTAG,2,0,0.15,0.587878788,Medium
chr8,133026272,133026392,66,59,r,0.533333,0.466667,TCTCAGTACCCTATCCCCACCTGATTTGCTTATTCTACCACTTACAAAGATGTGCATCATAGCCTAAATGTGGTTCAGGGACCTCCTTTGTTAGGcaacgtagcatagcggtgaggagct,3,25,0.083333,0.374074444,Low
chr8,133026810,133026930,4,62,f,0.583333,0.416667,TCAAGTGCCAAGTTCAAATGAATGAAAAAGCAGAGGCAAGGTGGAACATCAAACTCTGCCTCTTAGTTTTGCTGTATTCAGCCTTTTACCTGTACGTTGAATCAGATGCAGACTCTTACG,1,0,0.133333,0.83973101,High
chr8,133026827,133026947,60,62,r,0.566667,0.433333,ATGAATGAAAAAGCAGAGGCAAGGTGGAACATCAAACTCTGCCTCTTAGTTTTGCTGTATTCAGCCTTTTACCTGTACGTTGAATCAGATGCAGACTCTTACGAAGGCACtgtcttagcc,1,10,0.116667,0.555218485,Medium
chr8,133027755,133027875,0,63,r,0.741667,0.258333,AACTAGCTTTAAACTAGTAAACTTCTGATTATGACATCAACTTTTGTATATCTGAAATTAGAAATACCATTCAATTCCCTAATACCGCAAGAAAATATAAAAAGTAATCATCTCAAATAT,3,0,0.291667,0.675925556,Medium
chr8,133028843,133028963,93,67,f,0.6,0.4,ATAGCCTAGAAACCGTATAAACTCAAAGTGGGGGAAAAAGTCTTTCTCTCCATCCATTATTGATGTATACTGTGGGGGGAGAAGTTACCATCAGAATTCTGTAATCTCAGGGAAAGTATC,2,0,0.15,0.551515152,Medium
chr8,133029136,133029256,30,67,r,0.5,0.5,GCCAGCAAGACGGGCCCAAGGGAAAAGACATGAAATGAACAGTGATTTAGGAAACTAAGCAGGATAGAAGTTGGTGCTTACTCCAAGACACACAGCGGGGAATGGGACATGGCGGGACTT,0,0,0.05,0.853535354,High
chr8,133029334,133029454,48,68,f,0.6,0.4,CAGGGAGAACCATTAAAGATTGTTAAGCAGAAGTAGTGAACTTGATGTGTTTTAAAAGAACCAATATGCTCATTTCTTAGCCAGACACTCAAGGCCCTTCACAATCTAAACCTACCCTGC,1,0,0.15,0.687878788,Medium
chr8,133029336,133029456,50,68,r,0.6,0.4,GGGAGAACCATTAAAGATTGTTAAGCAGAAGTAGTGAACTTGATGTGTTTTAAAAGAACCAATATGCTCATTTCTTAGCCAGACACTCAAGGCCCTTCACAATCTAAACCTACCCTGCAG,1,0,0.15,0.681818182,Medium
chr8,133030425,133030545,53,73,f,0.55,0.45,aaaaaaaaaaGCTCTCGCTCTCCATAAAGGCTTTCTAGTCCAAATACCGCTCTCCCTGGCAGGACTTTTCAGGAATCTAGACCTACTTCATTCTCAGTACCTGAGCAGCTGGTTGTTGCT,1,10,0.1,0.594949495,Medium
chr8,133035572,133035692,0,80,r,0.641667,0.358333,gcTAGTAGTTAAGGTCATGTTGTTGAAAAGATTCCAGTGTGTTGTATTCATAAAAAAAAATATTATCACATGGTTTCCCTAGAAGATAGGGAAGGGTATCAACTGTTGGTTTGGCACCAT,3,2,0.191667,0.76037,High
chr8,133035696,133035816,4,81,f,0.591667,0.408333,TTTTGATTACTTAAGGTGTTGCCAACCTTGGGATATTTTCATGCCATGAAAGTCAGCAAACACTGAGCTCTTTAGAAGTTCTGCTTTCCTGTCTGAGGAGAGGGAGAAAAGGAAATATCC,1,0,0.141667,0.83047101,High
chr8,133035975,133036095,43,81,r,0.6,0.4,gtgggtgagtggatACATGGATGGATGAATGGCATTTAAGTTTTTTTTAATCACCATAATATTAAACTGCCTATGTCAGAATGGGCACCTGCATCCCTGGAACTTCTAACCACTGAGATA,2,14,0.15,0.516363636,Medium
chr8,133036142,133036262,4,82,f,0.483333,0.516667,AGTGATTTCTCGTGGTGGTGGCTGTGACACAGGGCCACTCTCTTAGGCTGCCAAGTGTATTTTTTAGGGCACACACCAGAAAAGCTGCCATCTCAGTCCTCGGCATTGGTGGGTTATTGG,0,0,0.033333,0.950842121,High
chr8,133036628,133036748,0,82,r,0.466667,0.533333,GGAAGAAGGCTCCAAGGGACAGAGGAGGCTGAGAGATAAAGAGCTGAAGGTGGAGCAGGAGCCACGCTACTGAAGGTGTTAGCCATTTTCTCTGGGCATCTATCTTCCATGAAGAGGCCC,0,0,0.016667,0.981481111,High
chr8,133036752,133036872,4,83,f,0.325,0.675,CCCAAGGGACCCAGTGACTTCCGCAGAAACCTCTTGGCTCTGCCGAGGTCCTCCTGTGGAGGGTCCTCCTCGCTGTCCTCCTCAGAGCTGGAGCCCAGGGTGGGGGCTGCGGGCACAGGG,1,0,0.125,0.848989899,High
chr8,133036988,133037108,88,83,r,0.391667,0.608333,ACAGAGCAACTTCTCACACAGGCTTTGGCCCCCACCTTAGAAGGAAAGAGCAGAGTAGAAGCCATGAGACCTCTGAGGATGGCACTGGGAGGCCCCACGGccctggccacccctcagccc,2,20,0.058333,0.401852222,Low
chr8,133038070,133038190,32,85,f,0.566667,0.433333,tgccagtagcACTGCTGGACAGAGAACCCTGCTGACAGAGCAGAGTCCAAGCACCTAACTCAAACCTTGAAAAATATTTCCCAAGTTAGTGCTAAGGAAATATGTGTTAGATTTGATGGT,1,10,0.116667,0.64006697,Medium
chr8,133038103,133038223,33,85,r,0.6,0.4,GACAGAGCAGAGTCCAAGCACCTAACTCAAACCTTGAAAAATATTTCCCAAGTTAGTGCTAAGGAAATATGTGTTAGATTTGATGGTTACTTCTTCCTTCTCTGGGCCAGAATTTCCCTA,1,0,0.15,0.733333333,High
chr8,133038390,133038510,4,87,f,0.658333,0.341667,tggcaaaccAACCCTATTTTTTTCAATGTATGAGTTGCATGCAGTGGGAGTGGTGTGACTCAAATGAAATAATATCTTTGAAGGTTCTACACATACATAAGTTTCTACAAATATTATCCT,3,9,0.208333,0.636397677,Medium
chr8,133038908,133039028,83,87,r,0.5,0.5,TCAGTTCAATCTTCAGATGCAGTGTTCCTGGATTCTGTGATATTGGAGGAAGGGAGAGCAAGGCTTCAGCCCAGCAGGTGAGACCTCCTGGCATGATTGCatcatgtgacaactcatggg,2,20,0.05,0.426262626,Medium
chr8,133039657,133039777,19,90,f,0.5,0.5,ATATGGCAGTCCATGCACTGTGCTGAGGTTGTGTAGAGGAAGAAGAAGGGATGGAAGGTCCAGCCAGTGGGCTGCCCCAGACGAAAATGAAAATGAGAACAAACTCTTATAGGGCCTCTG,0,0,0.05,0.886868687,High
chr8,133040023,133040143,76,90,r,0.591667,0.408333,TTGCTCTTCAGCCAGGGCCAGTCCCCCATTTTAAAATAGTATTCCTCAAGTCTTCCTTGGGAAAAGGACTCTGTTTCTTAGAAAAAGAAAAAATTTACTTGGAAACTCACtggtgtggtg,1,10,0.141667,0.478955859,Medium
chr8,133041211,133041331,0,92,r,0.575,0.425,GTATTAAGTCACAGTTAAGTGCTTGGGAAACCATCCACAAGTCTGAGCTACAGTCACGATGCTGACCTCAATGAAATAATAACTCAATGTGCAACCAACAGCACTTACACTTGGGCGTAT,1,0,0.125,0.861111111,High
chr8,133041335,133041455,4,93,f,0.45,0.55,CACACACACCACCGGTGACCAAGGAAGCCTCTCAAGCAGGCAGCCCAGCCTTCTCACTTGCTCTAGGCAGCAGTGATGGGACAAGCAGCACCTAAGACCAAGGAAAACCCTTTACTTCTC,0,0,0,0.987878788,High
chr8,133041844,133041964,0,93,r,0.591667,0.408333,ACACAGAGGAGTTAATCTCACATCCACAGTGCACTGTCATTTGTCCCTAGCCTTAAAAAAGAGCAGAGTAACCATCCTGAGCATAAATAAAGAACTGCATCTAGAAAAGTGTCCAGCATA,1,0,0.141667,0.842592222,High
chr8,133042018,133042138,54,94,f,0.5,0.5,CCCATCTTGGCTGATACGGCCTCACAATATCCAGTGTCCCCCCTTGCCAGGTGGACATCCTTAAGAAACTTATGATGACTTCAGCCAATAGGGAGCTACAGTTGCTACCCAAATACTCCC,0,0,0.05,0.780808081,High
chr8,133042336,133042456,0,94,r,0.583333,0.416667,CAGCGTCTACCTCCTTCAGCTATTAGCACAAAAGAGACACACAATCTTGTGTGTGTATTTGGCAGGGATGGGTGGGGATGGATACTTGATATAATACTTAAAATCTAAAGTCAGTGAGTG,1,0,0.133333,0.851852222,High
chr8,133042536,133042656,80,95,f,0.708333,0.291667,ataaattcttataaaaaaattatatCAGTTTGACTAACTTTTCCTTAGTGAAGAGTTTTCTCCTGTTGGCCTCAAGTTTTTCAATTTCTTTCTGCAGATATGAAGTAGCCATATCATAAC,3,25,0.258333,0.137205758,Low
chr8,133043203,133043323,2,95,r,0.5,0.5,CATCAATAGCTGCTGATTTTGCTTTGGCAACCATACCATCCGAGAAGGACATGTGCCTTTTGAATGCAGGTCTCTCCATTGGCCGTGGACAGGGGCTGTCCCCATGTGCAGTCTTTAAAC,0,0,0.05,0.938383838,High
chr8,133043740,133043860,10,96,r,0.55,0.45,ACCTCAATTCTACATGTTGGTTATTGCAAATTAGGTGGACTTGGGGTCATTTGAAGGGTATTTGCAGATTGGCCCTCTTGGGGTAGCTGGGCAGTATTTGTCAAAGTACTgaaagggctc,1,10,0.1,0.725252525,High
chr8,133043994,133044114,110,98,f,0.425,0.575,tgagctgctgtgtgcaccaaGCATTTAGTGAGGCCCAAGTTTCAGCCTGGTGTCCAGGAGGGCTGTCACCACCCTCTGGTGCAGACAGCATCAGCACTACTACACCAGAGCTGTCACCGC,2,20,0.025,0.372222222,Low
chr8,133045125,133045245,0,98,r,0.475,0.525,CTCCTCTGAGCCTCAAGGTGCTCATGCAGTCAGGGGGATGATGTCTTCTCATCACACCCCCATGAGAAGGTCACAGTGTGAAAAGGTGGCCTACGGTGATTGTTCACAGCCTCACCAAAA,0,0,0.025,0.972222222,High
chr8,133045424,133045544,17,101,f,0.6,0.4,ACTTCATGATTCGGATTCAAAAAGTGGCTCAAGGAGAGATTTGCAGATGGACATACGAAAGCCAAATGCAAACAGATAGAACAACATAGTGTTAGGAGAATGTTCCTCAAACTGGGTTTG,1,0,0.15,0.781818182,High
chr8,133045860,133045980,0,101,r,0.491667,0.508333,CTTCTCTTTATTTACAGAATCCAGTGCAAGTTCCTTCCTGTGGTCTGCAAGGATTGCCTGTGACCTGGTCCTACCTGCCTTGCCATCACATCTCTTACCGCCTGCCTGACACTCTCTCTG,0,0,0.041667,0.953703333,High
chr8,133045984,133046104,4,102,f,0.45,0.55,TCCCTTTGCTCTGATGTGTCAGTCTCACCTGCCCTCTTAGCTGGAGGCAGCAAAGTCTCCCATGCACAGGCCAAATCTCCAGCCTTCCCAGTACAGGGAAAGAGAACAGCAGCAGGCTCA,0,0,0,0.987878788,High
chr8,133046581,133046701,0,102,r,0.591667,0.408333,GCCTAGCAATTAGGAAATAGTCAGTAGTAGCTATCAGAACTGCTCAGTGAATGAGAAAATAGCCATACATCTAATCCAGGATTAAGACTCTCCAGCTAGAACGTTCTACAAGCCAAAGGA,1,0,0.141667,0.842592222,High
chr8,133046826,133046946,4,105,f,0.5,0.5,AGGGTGTTTGGTGTTAATCACCCTCCCTGGACCAGCTGCCACATTTGGGGAATAAATGCTTCCGATTCTTGCCCCATCACCTCCCATGCTGACAAGGTCATGGTGCATTTCATTTGGAAC,0,0,0.05,0.932323232,High
chr8,133046946,133047066,0,105,r,0.5,0.5,CCAGTTGATATCATAAATGTGTCAAGGACAAAGGACATAAATGTGTCATGAACATAGGCAGGTGGAGCCCAGTAGGCTTACCTGGAGGGGACGTAGCCCTAGCAGCTCCCACTCCTTCCT,0,0,0.05,0.944444444,High
chr8,133047070,133047190,4,106,f,0.408333,0.591667,GTGGCCTGCTTCTGTTCCCCAAAGAAGAGAGACAGCATGAGCATCCACCCCAGCCTGTCCCACCTGGGTTTCCAGAGGCTCTTCCCACCCACTGCACACAGGCAGCCATGTGCTCTTCAC,0,0,0.041667,0.941582121,High
chr8,133048513,133048633,0,108,r,0.6,0.4,TTCCATTAAGAAGTGGTCACAGGACTGAGCACAGATTTTTAGATATTTGAAATATTTCTCCACTGGATTCCAGGCTGTCCTTTTCCAAATTCCCCTCTGCTTACTTTTCTTGGAGAGAGT,1,0,0.15,0.833333333,High
chr8,133048781,133048901,4,111,f,0.475,0.525,AGGGCATATGGCTGCACAATGGTGTTCACCAAGGTCTCAATTCAGTAGGAAAGGGGCCAGACTAGAGCCAGGCCTGTGTTTAGGCACAAAGACCGGCAAATGCCATCTTCAGGGGTGAAG,0,0,0.025,0.96010101,High
chr8,133048851,133048971,63,111,r,0.5,0.5,GGCCTGTGTTTAGGCACAAAGACCGGCAAATGCCATCTTCAGGGGTGAAGGGCCATTATTTCCCTGAGGTTTGGAACAGGTCCCTGTGGGAAGGAAGCTTAAGAGAGAGTTTAGAAGGAA,0,0,0.05,0.753535354,High
chr8,133049630,133049750,28,115,f,0.45,0.55,ctccccactcTCATTGTGTGTCTTTGGGTTCCACACTAGCCCCTTCTGGCTCACCTTCTCCTGAAAGGGCTGTCAGGCTGGTGTCTGTGGGCTCCACAGGAACCACTGGAAAAAGAGAGT,0,10,0,0.781818182,High
chr8,133049816,133049936,0,115,r,0.441667,0.558333,CTGGTTGCTGGCCCAAGGGAGGAAAGGGGCTGAGAAAGGGCTTACTAAGAAGAGCTGTTCATCCTGTCTTAGGAGTCACTTGCCCCTGTTACTCCTCCCAGAGCACGGAGTGCCCTGCAA,0,0,0.008333,0.990741111,High
chr8,133049986,133050106,4,117,f,0.508333,0.491667,CTGGCTGAAGGCAACGAAAGAACTGAAAACCCCAAAGATATCCCAGCTTGAGGAGACCTCTGTTCCAAAGGGAGGCAGGGGGTGTTGAGGATAAAAACAGTGCTGGACTCAGAAGATACA,1,0,0.058333,0.923064343,High
chr8,133050253,133050373,0,117,r,0.475,0.525,AACACCAAACACTGCATGACTAGTTCTGGGAGAGAGACTCCAGCTCCAGGAGAAGGATGCCCTGCCAAGGTGTACCTTGGACTTCTCATCCCCAGATGCCTAAAGGTGTTGGGACTGAGA,0,0,0.025,0.972222222,High
chr8,133050468,133050588,35,119,f,0.5,0.5,AGTTCAGTGAACAGTTATTAAGCACCTACCCTGTTCTGAAAATAAACATGCGAAAAGCAGCCTCCCCATCAAAAAGCCTCTGTTGGACCCAGGCTGCCCCTTTTGCTGCAGGCGCTGGAG,0,0,0.05,0.838383838,High
chr8,133051013,133051133,44,119,r,0.5,0.5,CCACCAACCCTGGGAGGCCTTACCTCTGGGCAGAAGTGTTGTCAAGTCTTCCTTGATGGTTGTCTCTGAAAAGAAAACACTTTGGAAAGTCTGTTGAGAGCAGTGGGTTTGAGGGAGGGT,0,0,0.05,0.811111111,High
chr8,133052341,133052461,1,123,r,0.508333,0.491667,ATGTTTTCTGGGTTCACTGTGCCTCCCACCTAGTGGTTCACACCCACCTCCTCCCCTCAATTCCTCCTTGATGCTCCATACTCCAGCCAGTCCATGTTATatagacttgagtgttaagtc,2,20,0.058333,0.665488586,Medium
chr8,133052570,133052690,4,125,f,0.591667,0.408333,AGAGTTTCTGTGTATAAGCCTACAGCACATAATAAACACACATAAAGTATGGCTGTAATATAGGAACCCCTACATGCTGTGTTCTGTCTTCCCTTCATGCCTTTGCGTATTCTACCTCTG,1,0,0.141667,0.83047101,High
chr8,133053301,133053421,4,130,f,0.425,0.575,TTCTTGCTGACACAATTGACCTCTGTGCTAAGTTTGGCGGGGTCTTGGAGACAGTCCATCTCAGCGGCCTCCTCATAGCACCTGCGGTGCTGGAAGCAGCAGCTGTAGGAAGGCCGGGAG,0,0,0.025,0.96010101,High
chr8,133053329,133053449,21,130,r,0.4,0.6,TAAGTTTGGCGGGGTCTTGGAGACAGTCCATCTCAGCGGCCTCCTCATAGCACCTGCGGTGCTGGAAGCAGCAGCTGTAGGAAGGCCGGGAGGAGGCAGGGTGAGAGTGTGGGTTAGAGT,0,0,0.05,0.880808081,High
chr8,133053666,133053786,74,134,f,0.5,0.5,cccaagtccaggggcttttcTGTATTTGTGCTCTTGCCAAGGTATCAGCCAGGCCTCCCATGAGCTCACTTTTTTTGGTCTTGCTCACCTGTGGAACTCACTTACCTGTCAGATTCATCC,2,20,0.05,0.453535354,Medium
chr8,133053764,133053884,0,134,r,0.5,0.5,CACTTACCTGTCAGATTCATCCACAGGCAACCCTTCCATCTCAAACCTGCAGGTGCAACCATAGTCTTCAAAGTCTCGGGGGCAGAGACCAGCCACACACTTCATACCATTGACAAACTG,0,0,0.05,0.944444444,High
chr8,133053935,133054055,51,135,f,0.4,0.6,GCCCAGGCAATCTGTGGGGGTGGGGGGCAGGGCCTGATAAGCACTGGGAACTAGGACTAGGAGGGCGTCCCTGTCCCCTGGACTTCCTATACCTCAGGCTGATGGTGCCTTATCAACCTA,0,0,0.05,0.78989899,High
chr8,133055348,133055468,4,138,f,0.6,0.4,CCAAATGATACGGTGATGACAGTATAAAACTATAAGCCAGTATGGGAAGAAATGTGGTACAGATATTCACAACTTTTGAGCATCCTTTAGGTGTCAGAAGCTGCACTAGGTGCTTTCACT,1,0,0.15,0.821212121,High
chr8,133055655,133055775,0,138,r,0.6,0.4,CCAGGGATAATGATTTGCCCTAAAGTATACAGCAAACAAAATTGGCAAGAAAACCATATCAACAGTTTCCAACTCTAAATCTCGCATTCTCCTCCCCATTCTCTACCTTTCTGACTAGAG,1,0,0.15,0.833333333,High
chr8,133055779,133055899,4,139,f,0.508333,0.491667,CTTGAGTGCTGCATGGGTTACCCCTCACTACTGATTTAACATGCACAGGGTCACAAGACGGAGCTTAAGGGCATCAGGAGTAGTTTGTGAGGACCAGTTCCACCTCATACTATTCACCTC,1,0,0.058333,0.923064343,High
chr8,133056077,133056197,43,139,r,0.6,0.4,GCACAGCCTTATGCCCAGCATGGCCCGACCCAAAAGTAATTCTGAGTGTCTTTGTTCATGTCAATCATATTATAGTCTCTTTTTTTGGTACTTCTAGTAGTTGATGATAGGAACCATCAT,1,0,0.15,0.703030303,High
chr8,133057493,133057613,57,141,r,0.5,0.5,GTTGACCCAACTCACTCCTCTGAAAGGTTGGAAATGAATGCTTGATTCAGGGCTGACATCACCAGCGAATTCACTATGCATTATGGTCTTCAGCCATGCCCACCTTCAGGgacccacctg,0,10,0.05,0.638383838,Medium
chr8,133057768,133057888,98,142,f,0.6,0.4,ATTAATATATAACCTTCACGTCAGCCCATTTCCTGCCTTCTCCTGGTTTCCCTTTTCAGCTGACCTTTGTCTTTGACAGAAATTTTTAGACTTTGTCTCAGTTGTGAGAAAAAGGTTGGG,2,0,0.15,0.536363636,Medium
chr8,133057862,133057982,11,142,r,0.5,0.5,GTCTCAGTTGTGAGAAAAAGGTTGGGCCAGACACCAGGGGAGATTGTTGGGGAGATGCTTTTGAGTCCCACTTCAATCCCTTTACTTACAAATGCCACAGCAGTGAGTGGCTCTAGGGTG,0,0,0.05,0.911111111,High
chr8,133057997,133058117,4,143,f,0.566667,0.433333,ATTTTCTCTGCCAATATCCTAGACAACTTTCTACTCTGCTCCTAAGAAAAGTTCTAAGAATCCTTACTGATATTGTTTGGGAGTCCTGGAGGCAGCTCCTGTGGAAGATGTGGAGTGTCC,1,0,0.116667,0.858248788,High
chr8,133058826,133058946,22,143,r,0.6,0.4,GGGCTAATGGGACAAATATATGGGAGTTGGAATCCCAGGTTCAACACAGATTTGCTCTCTAAAAGTTCAGAGAGCTTATAGACTTGTTCCTGCTCATATTTTTCTTTCCCCAGCAATATA,1,0,0.15,0.766666667,High
chr8,133059032,133059152,64,144,f,0.5,0.5,CACTGTGTAGAAGCCCCATCAATCTGAAAGTCACAAAGGGCCATCCTTCACAGAAGCATGTTAGACTAAATCTGTTCAGGAAGATGCCCCCAGGTGGTGTCTGAGTTGGCCTTGCTTGGC,0,0,0.05,0.750505051,High
chr8,133059060,133059180,91,144,r,0.516667,0.483333,AGTCACAAAGGGCCATCCTTCACAGAAGCATGTTAGACTAAATCTGTTCAGGAAGATGCCCCCAGGTGGTGTCTGAGTTGGCCTTGCTTGGCTTAGAGCAggtttctcagcttcacatta,2,20,0.066667,0.383501313,Low
chr8,133059329,133059449,58,145,f,0.5,0.5,ACTCATTCCCTTGGAGTTTCCACAACGCATAACTGAGAGAGTCACTGAGGCTCGCCAAGTCCTTCCTAGTGGAGACAAAACCACCACTGGTGAGAGGAATAACAACAGTGGGTGCTTGTC,0,0,0.05,0.768686869,High
chr8,133059650,133059770,41,145,r,0.733333,0.266667,AAATTTGTATGCACATAATAACATTTCTTAATGCAACATTTTAAGCCAACTCACTTTTTTGTTGTTTTATTACAGGGTAGTTTTATTTACTGTCCaattgtaaaaagtttgtttcatctg,3,25,0.283333,0.227609798,Low
chr8,133059859,133059979,48,146,f,0.716667,0.283333,taaatctgtcagtgggagattttaaAAAAATAAGCCACATTGCTTCTAAAAAGGTAAGTATTTTTACTTTTAAAGGAAACTTTTATTTGTAAATGGGAAACTATGGTAAAGTGCTGACTA,3,25,0.266667,0.224915455,Low
chr8,133060438,133060558,78,147,f,0.7,0.3,gttataacagcatggacagactaagCTAAATTTGACAGAATTGAAAAGAAAAACTTTCAAATATGTCAGTGGGAAAAATTGTTTTAAATAAGCCACCTCGCTTTAAAAAGGGTAAATATA,3,25,0.25,0.152525253,Low
chr8,133060501,133060621,0,147,r,0.658333,0.341667,TGTCAGTGGGAAAAATTGTTTTAAATAAGCCACCTCGCTTTAAAAAGGGTAAATATATTTTTCTTTTAAAGCAAGCTTTTATTCATAAATGGAAAGCCATTGTAAAGGCCCAGGACCCAG,3,0,0.208333,0.768518889,High
chr8,133060629,133060749,8,148,f,0.5,0.5,GAAGGAACTGAGAGCAATTTGGGATGGTTGGAGTATGGAGACTAAGGCAGTCATGGTCCCAGCTGCACTAACCCACCGTGGTCCCCCAAATATGCCGCACATTTTCACAGTATTAAGTCC,0,0,0.05,0.92020202,High
chr8,133060856,133060976,75,148,r,0.55,0.45,TAGCTGTTTTTCTATCAGCGTCAATAACTATCATCAAGGGAATGGACAGAATGACTGGGGTCCTCGTCCTTTTATCTGGAAAGTCTTAAGGTGACTCTTTTGTCCCCACTcccccctgtt,1,10,0.1,0.528282828,Medium
chr8,133061055,133061175,4,149,f,0.4,0.6,AGTGTTTGGCCAACTTCGTCACAAGGGATGGCTGAGGCACAGTCTACAAGAGGGCAGCTGCAACCCCCTATGACCCATCTCACCAAAGGGCCTGCCTGCAGGGGGCCTGAGGCTGAGGCA,0,0,0.05,0.932323232,High
chr8,133061415,133061535,11,149,r,0.6,0.4,CGTGTAGCATACCTTCTGATGTTATTTCCTTCTACCTTTACAACACTTTTTTGTGTCAATGTTATCAAGTCTTGCAGACCTATGTTTGTCTCCTACCACTCCAGTACTCCAAACCTTCTG,1,0,0.15,0.8,High
chr8,133061652,133061772,4,153,f,0.6,0.4,TCACGCAATTCAAAACTTGCGTCCTTTATGTTTTCACAGTGGATAAGTGCAGAGTAAAGGGCTCCAGGTCAGGGTGTATGAATGCATAACAGTTATTGTTTAGAAGGATATTAGGGAACA,1,0,0.15,0.821212121,High
chr8,133061664,133061784,0,153,r,0.591667,0.408333,AAACTTGCGTCCTTTATGTTTTCACAGTGGATAAGTGCAGAGTAAAGGGCTCCAGGTCAGGGTGTATGAATGCATAACAGTTATTGTTTAGAAGGATATTAGGGAACAGGAAGGAGTGTT,1,0,0.141667,0.842592222,High
chr8,133061894,133062014,110,154,f,0.6,0.4,TGCTCGCAATTAATAGCCTGACATACCTGAGGACTGACAGCCCTTTCCATATAATTTTTAGCTATATAACCTTCTTCACACCTTCCATTCCCAAGTTATTGGTTTGAGGTTGCATTTCTC,2,0,0.15,0.5,Medium
chr8,133062156,133062276,105,154,r,0.65,0.35,ACTATTTGTATAAATGGATGTGTCATTAGCATTTTCTGTTGCACCATCTCACCTCTACGTGATTCAAATTCACATAAAATATGACTGCATTATAAgggtttttttgtccaacaggcctga,3,25,0.2,0.126262626,Low
chr8,133062385,133062505,4,155,f,0.491667,0.508333,attACAGAAGCTTTCTAGGTAAAGGGGTCAACAGGAGCAAAAGCTGAAGGGTCTGGAAGCAGTTGGCTGTGGGGAGGGCAGACTGGCAGGAAAGAAGACTGCAAAGGGAGGAGGATATCA,0,3,0.041667,0.901582121,High
chr8,133062470,133062590,0,155,r,0.483333,0.516667,GCAGGAAAGAAGACTGCAAAGGGAGGAGGATATCAATGATGTGGACCCTGAAGGCCTCAGAGGGGTAAGTTGTGGAAGGTTCTAAGTAGGCACAGTGACGGTGGAGTCATAGGAAGGCAC,0,0,0.033333,0.962963333,High
chr8,133063399,133063519,35,163,f,0.5,0.5,ctgTTGGATAGAACTTGAAGGCAGAGTAGGAACTGCTATCTGGGATTCCTGAACCCCAGCCAAGTACTCTCACTGTTATCCCTCTTCTGGCTATGCTGTTCACTGCAGCCCTCACACTTG,0,3,0.05,0.798383838,High
chr8,133064896,133065016,48,163,r,0.55,0.45,AGTCCAACAGTGCAGCTTAGGGAGATGCATGGTCAGAGGGAATGTAAGGACAAAACTCACCAGAATGACATTGATTCTGATTCAGTAAGCTTGTTACACACAGAAGGTGAtgagcacctg,1,10,0.1,0.61010101,Medium
chr8,133065609,133065729,104,167,f,0.6,0.4,ataACAGAAACCACAAGTTCAATTGATAACTGTTTAATGAAGGACAGAACATCCAATAGTTGAACCACACCATCAAATGGCCAGTGAGTGGTGGCCTGCTAGAATCAGAGAATCTTAGTC,2,3,0.15,0.478181818,Medium
chr8,133065655,133065775,62,167,r,0.6,0.4,GAACATCCAATAGTTGAACCACACCATCAAATGGCCAGTGAGTGGTGGCCTGCTAGAATCAGAGAATCTTAGTCTCACAAACTTGAAGCAAACTTAGAATATAACATCTTTAGATAGTGG,1,0,0.15,0.645454545,Medium
chr8,133065894,133066014,4,169,f,0.466667,0.533333,TGGAAGGAAACAAACATGCAGAGGACAAGGGGGAAATGGGAGCCAACACATGGTGGTGTGATGTGGGGGCTGCAGCATGAGCTTCAGTGCAGAGCTCCCAGACAAAGAGAGCATGTGCTT,0,0,0.016667,0.969359899,High
chr8,133065911,133066031,0,169,r,0.416667,0.583333,GCAGAGGACAAGGGGGAAATGGGAGCCAACACATGGTGGTGTGATGTGGGGGCTGCAGCATGAGCTTCAGTGCAGAGCTCCCAGACAAAGAGAGCATGTGCTTAGGTGGGAGGGCCAAGG,0,0,0.033333,0.962963333,High
chr8,133066035,133066155,4,170,f,0.416667,0.583333,TCCCTCTCCTAATGCAAATGTGGCCACCATCCCACTGGCTGACGCCTGCCCTTGGAAGTCACAAGGCAGCTCCGAGTGAGAGTAGAGGAAGCACAGCAGTCACCCTGGCTGTGTTGAGGG,0,0,0.033333,0.950842121,High
chr8,133066693,133066813,35,171,f,0.5,0.5,gattcagacaCCACTCCCACATCTTTGAGTCAGAAGCCTCAATAACACCTTCCCTGCTACAGTGTCTGGCCCCAGAATTGGCGAATATGTTGGGCAAGCAGTCTTATCTCAGTGGTGGTC,0,10,0.05,0.705050505,High
chr8,133067117,133067237,0,171,r,0.55,0.45,TTAAAAGACACGTGGGAAAGATGGTGGGGGTGGGCCTGTTGAAGGGACAGTATTCAAATGAAGTAATTACATGCTAAGCTGGAACTATGGTGTAAGATATCATTACTCACCGGCATGGGG,1,0,0.1,0.888888889,High
chr8,133067241,133067361,4,172,f,0.491667,0.508333,ATCAGCACACTGGTGAGGAGAAACGCAATCATAGCAGGAGAACAAAGGATGGGGCTTAGGCAGCAACTGGAACGGACTCCTGGGAGAGAAGCCAGCAGAATAGGATGGAAGCATTTTCAG,0,0,0.041667,0.941582121,High
chr8,133067528,133067648,0,172,r,0.525,0.475,gtaaaatggaaatGTAGCCATGAGCTCCCTGAAGACACAGCCGTGGGCTTCTGTATTTACTGATTGATTCCATGGTCATTTCTTCCAGGCCTGCCTCGTGTCAGGCATCAAAGGATTGAG,2,13,0.075,0.743333333,High
chr8,133067913,133068033,77,174,f,0.491667,0.508333,tctccctcttCCTTCCCTTCCTCGGCTTTTGAGTATTTCGAATACTTTGTTGAGGTCCTGAGAGTTCAATAGATACTCCTCGGAGGATGCTTTGGGGGCAAAGGGGAGAAGCGGGCAGAG,0,10,0.041667,0.587036667,Medium
chr8,133067957,133068077,0,174,r,0.475,0.525,CTTTGTTGAGGTCCTGAGAGTTCAATAGATACTCCTCGGAGGATGCTTTGGGGGCAAAGGGGAGAAGCGGGCAGAGTCCAGCAACCCTACTGCTTTTCAATTGTAGCTGCCGTCTGCTGA,0,0,0.025,0.972222222,High
chr8,133068081,133068201,4,175,f,0.583333,0.416667,AGCAAATATTTAACTTCAATAAGCCCTTAACGGACTCTAGCCAATCCATTATATGTTTAACAGGGGGACGGGGTGGGAGGCGCAGGGAAAAGACCAGagggattttaaaataatatttgc,3,23,0.133333,0.533064343,Medium
chr8,133068083,133068203,106,175,r,0.575,0.425,CAAATATTTAACTTCAATAAGCCCTTAACGGACTCTAGCCAATCCATTATATGTTTAACAGGGGGACGGGGTGGGAGGCGCAGGGAAAAGACCAGagggattttaaaataatatttgccc,3,25,0.125,0.206565657,Low
chr8,133069032,133069152,18,176,r,0.566667,0.433333,AAATGATACCCACATGAATGGGTCCAACATGAACTTGGACAATGTAGTCACTTTCTGCCACTCAGTATGTCAGGTATTTTATTGTGACCATCACACCATGACAGGTTGCCagcatgtctg,1,10,0.116667,0.682491212,Medium
chr8,133069404,133069524,0,178,r,0.516667,0.483333,GATGGCATCTGGCTCGAGGTCAAAGGCTCAATAAGTAGTAGCTGCTACAATGAAGGCCTTTGTGCTGTTCCCTAATCCCCTGTAAGAGTGGAAGGCCCTGTCTGGTGAATGAAGAAGAAT,1,0,0.066667,0.925925556,High
chr8,133069546,133069666,4,180,f,0.533333,0.466667,TCTGTTTTTCTTTTGTGACACATGTTTCAGGGGTGCATTCCCCTGGGGAGTTCTGCAGCTCAGATAAGACGGCCTGAAGGTCATGTTCCATTACCTCCTTGAAACATGTTGCTTGAATGC,1,0,0.083333,0.895286566,High
chr8,133071161,133071281,19,182,f,0.5,0.5,GGGTTTTCAGCTATATCCTGGAGCAACATCCAGGTCTCAGACAGCCCTGAGAGCATCCCCTACCACCTTATCCTCCATTCATTTATCTCCTCATTTCCCCTCCATTCTTCTCtcccttcc,0,8,0.05,0.78020202,High
chr8,133071902,133072022,50,182,r,0.5,0.5,GAGGCCCATGGATTATGTCTCAGGGTCATCATGGGAACTCTCGGGGGATGAAAGACTGATGAAAGTCATGTGGGCTCTCCTGCAAGATAAAGGGCTGGCTTTGTCTGGTCTAGTTCATTC,0,0,0.05,0.792929293,High
chr8,133072642,133072762,0,183,r,0.6,0.4,TGAAGAAGCAGGACTCCTCAAACGATTAAATCAGGGCACAATTGAGCCTCTATGGAAGAACCCATTGAAGGGCTTCTTCAAATAAGTAATTACTCTCATTCATTGAGGCTTGTGTTTGTA,1,0,0.15,0.833333333,High
chr8,133072768,133072888,6,184,f,0.6,0.4,TAACTATTGTTCAGCATCTCATGTGATTTGAGGAATGAAGATGCATTGTCTGTAATATTTTCTCATTAGCACCAAAGACCCACCATCTCTAAAATGACTAAGCCCGTGGGCATCTATGGC,1,0,0.15,0.815151515,High
chr8,133072877,133072997,52,184,r,0.6,0.4,GCATCTATGGCTCAGTGCAGCAAAATCCATCTTTTCAGCATCTCAAGAGCATAGCTGAGATTGTTATTATGCTCAAGAGCATAACTGAGATTGTTATTATGCCTGAGCAATACAAAGGCA,1,0,0.15,0.675757576,Medium
chr8,133073759,133073879,0,185,r,0.558333,0.441667,TACGCATGTAACTGCACAATCTCCTTCATCAGAACAGATACAGTCACTGTCCCATCTCTTTCACCTCATCTGCTAACCACTGGTGGCCACATACATACACACTAATTAGTAGGAGTTCCA,1,0,0.108333,0.87963,High
chr8,133073883,133074003,4,186,f,0.483333,0.516667,AGTAGCACCCCCTGAGGCTTTCTTATTGCCCTAGCTATCCCCTAAATCAGGACACATTCAGCTCAGAAGGGGTCAAACCTCTTATGAACTCCAGGAGACCAGTTGGACTCCAGGCAGTCG,0,0,0.033333,0.950842121,High
chr8,133074000,133074120,0,186,r,0.458333,0.541667,TCGTCAGCCACTCCTGGGCCCTGTTTTCCTTCTGCCTTTGCTGCTGTTGTGGCTGATGGTATGACTGTAGAAAACTGGCCCCAAGGAGTCCTCTGAGCCTTTGTCCTTGATGCTAGGCCA,0,0,0.008333,0.990741111,High
chr8,133074124,133074244,4,187,f,0.575,0.425,CTTGCATAAGCCTCAGAGGTATTCCGCATTTGAGCTTCTTAAAGATTATAGTCATGCTCAGTCATTATTCCCAAAGTATGGGGTAACTGGGTTCACATGGGTTTCCCCACAAGTGAATAG,1,0,0.125,0.848989899,High
chr8,133075583,133075703,4,187,r,0.6,0.4,gaATCCAGTGGGTCACACAGAAGAGGAATCAAGACAAGATGTCAATAAAAACAACTCTCTAAACCTCCTCCTAATGATAAAGTTTTCATTATCGCCCACTTAAGGGGGCTTGGAAGATTA,1,2,0.15,0.794545455,High
chr8,133075783,133075903,76,188,f,0.6,0.4,ATGAATTCAATATTAATTTATGCTTTTGTTGTCTTTCAAAAGTCTCAAGTTTAAGTCACCTCAGGTATTGTGTCAGAGTCTCCATGGCTGAACTGGTTTGTGCAGGCTAGAGTGCCCACG,1,0,0.15,0.603030303,Medium
chr8,133075985,133076105,22,188,r,0.6,0.4,GAAGCAGGCAAGGAGTCTGGCATTACTGTATTAATTGTGAGGCCTCTAACAAGAAAACTTCTACCTTCAATGTTTTGCACAGATTCACAGGAGAGGGAAAAAAAATGCTACTTCCAAGAA,1,0,0.15,0.766666667,High
chr8,133076131,133076251,4,189,f,0.508333,0.491667,TAGCTGGAGCCTGGGTGAATTCTTCAAATGTAGCCCACTTGGGACAAGAGCCAGGGTGGATGGCGTATCCCCTGAAGTAATTGTTATGCCCTAGTGTTATTTTCAAGGCCTCACACAGAC,1,0,0.058333,0.923064343,High
chr8,133076874,133076994,101,189,r,0.6,0.4,GTTTGGGAAAGAAAAAAATAATGGAGGCAGAAGGAAAGCAAAGTAAGCAGAAGAGGTAAATGGAAACACAGAGAAGAGCCAGAGAGCTTGATTTTAGGAGAGCTACTGAGTGATAAGTTG,2,0,0.15,0.527272727,Medium
chr8,133077108,133077228,4,191,f,0.575,0.425,CCAGCTGGTATTCTTCAGGACCCAAATGGAAAGATTGGGTTATTACACTGTTTCGTTTGTTTGTTCAAATGTAAAACATTGCCAAGACTGAGCCCTGTGAGCACCCAGCTTATATTTGGG,1,0,0.125,0.848989899,High
chr8,133077818,133077938,52,193,f,0.516667,0.483333,gcgcccagccTTTTATTTGTCTTTTTAGCTTACATAGGAGCTCTGTGGCTAAGAGATTTGCCTGAGTTCACGCAGAGAGCAAAAGTGCTTGGTCAGGCTGACTCCTGCTGTGTTTTTCCC,1,10,0.066667,0.635016465,Medium
chr8,133078647,133078767,9,193,r,0.541667,0.458333,TATTTTAGTGGGAGATGAGAGAGAGAGTGGAGTGCTGCTGTCATTATCAATGCAGCAAACACTTTGCAAAATAACATTCTGTTCTTGGTCAGAGGTGGCAGGAGCTGCATcagagggctg,1,10,0.091667,0.737541717,High
chr8,133080222,133080342,13,196,r,0.6,0.4,GGCCTTGGCTGTATGGTCTAATCCCATTTCTTCTTAGCCAGTGTAACAATCTGCAAGTCATACTTTCTTACAACAGCAACAAAACTTCTTAGAAAGCTTCTGTGATAGAGGATATCAAGC,1,0,0.15,0.793939394,High
chr8,133080359,133080479,4,197,f,0.558333,0.441667,TGCTTTAGAAGTTCATATTGCTAGATGGACAACATCATCCAAACTAAGGTGCTCTGTGAAACTGCCAAGTGTGAGGCCAGGATTTAAGTTGCAGCAACCACAGAAACATGACCCACACCT,1,0,0.108333,0.867508788,High
chr8,133080446,133080566,0,197,r,0.541667,0.458333,GTTGCAGCAACCACAGAAACATGACCCACACCTTCATGAGCCAAAAAGCTGCCATTCTGTGCCTGAATTCACTTTGAAAGTGTACACCGCTCTCAGGATGAATGAGAATCTTGCCTCTAT,1,0,0.091667,0.898147778,High
chr8,133080570,133080690,4,198,f,0.575,0.425,AGGAGAGAAACTATTTAAACACGACATGTCCCATCCCCAAGCTTTCTGGCAGAGGCATCCCCTACAGTGATAAATGAACAATAGATAAATGCCCCTGGTTATTACTTTGTAGGGAATGGA,1,0,0.125,0.848989899,High
chr8,133081605,133081725,92,199,f,0.641667,0.358333,tttttgtttgtttgtttgtttgtttTTTATCACAGAGGCTACGTTCAGCAAACATACTGAGTAATGCCACCTCCCCTACTCTAGTATTTTTGGCCTATATTCAGTGTATGAGTTTATGGA,3,25,0.191667,0.174915455,Low
chr8,133081826,133081946,0,199,r,0.691667,0.308333,TTTATGCCTTTTTCATTTATTCATTCAGCTATTATTTGCAATATGAATGTTTTCAAATGTGATATTTTCCAACGGGATATGATTAACAGGTTTTTGCCTGGTTACGTGACTTGGTTCTAT,3,0,0.241667,0.731481111,High
chr8,133082180,133082300,57,202,f,0.5,0.5,CTTTAGAATAAACCTGTGCTTTGGGTCTACAGGTCTTGCTTATTGCCCTCTATGAATGGAGGAAATGTTCGTACTGACGGGGGGGGGGGGGAGGGGGATGAAAGATTACAGCTGGAAAGG,0,0,0.05,0.771717172,High
chr8,133082244,133082364,0,202,r,0.483333,0.516667,ATGTTCGTACTGACGGGGGGGGGGGGGAGGGGGATGAAAGATTACAGCTGGAAAGGGGTGATGGAAAATGGCTGTCCACCTGGGCTTCAGACTCAGAGGCAGAAATTTTAAAAGCTAATG,0,0,0.033333,0.962963333,High
chr8,133082395,133082515,31,203,f,0.6,0.4,AAAGACAGGAGAGATTGGTATCCAGGCCACTGGAGCAGGAGTATTCATCTATGTAATTTAGTTCTGGGTTTACAGCCAAGAATAAATCCCAGAAGAAATAACAGTATGTCAGCATTGTAG,1,0,0.15,0.739393939,High
chr8,133082593,133082713,1,203,r,0.6,0.4,GCTGGTGGATGATTGGTAGGGATTTATGAAAGAACTGGAATTTAGATAGACATATCTTCTAATTATTCTCTCCTAGCAAATCTCGCCAGGCTGAGGGCATTTGGATTAAAGAACCACTCA,1,0,0.15,0.83030303,High
chr8,133083669,133083789,47,206,r,0.5,0.5,GAGCCTCTGAATAGCCAGGGTGAGAGGAGCAGCTGCCATAGCTCCCACCTTGAAGAGTGGCTGAGGACACCCTAGAAGATGCAATCCCAGACCAATTAAATCAGTAAGAGTTTAGTAAGC,0,0,0.05,0.802020202,High
chr8,133084001,133084121,4,209,f,0.541667,0.458333,TAAGATGTTGAACAGGAATGTATCAGGTGGAGGGCATTTCTGGTGTAAGGGACAGGGCATACAATGACTCTGCGTGATGTAAGGGGGTGACTTGCTGAGGGGGATTTGAGAAAAATTTGA,1,0,0.091667,0.886026566,High
chr8,133084316,133084436,61,209,r,0.6,0.4,GCTGGGTCACTGGAGAGTCAGGCTCTGCGTTTGTGAGTTCTGTGTTTCCATCAAGTGAAAGTTAATTATGTTTCCGTGAACCAGATTTTCAGTGTTGTTTAATTTTTAGTTTTTAGGAGG,1,0,0.15,0.648484848,Medium
chr8,133085587,133085707,15,210,r,0.65,0.35,GTAGAAAGAAAATACTTTATTCTGAGTTAACTAGAAGATAAACCCTCCAGAACACTGACCAATTTCCATCAATGTGCCCATGAGTTTTTCTCTATcagttattgagcagttgctatgtat,3,25,0.2,0.398989899,Low
chr8,133086348,133086468,95,213,f,0.575,0.425,tccacactaccctcactttcAGCACCTTCAACATCAGTCCTTTTAAGGTATAGTGCCTTTGCTTAAGCTATGCCTTTGCTTAGAATGCACCTTGTTCAGGTGCCACATTCTCAATCAATA,2,20,0.125,0.306565657,Low
chr8,133086444,133086564,88,213,r,0.6,0.4,CAGGTGCCACATTCTCAATCAATAAACTCTTGAACCATCCCCTCACCTGAAGGTAATCTCTTCCTCTCTGGATATACATAGCAGTTTCTGCTTCTCTTAAGAATCTAGTCACTCTTTTTT,2,0,0.15,0.566666667,Medium
chr8,133087298,133087418,4,215,f,0.6,0.4,TCACAACAGCCTCCATCTGCACCACTGTGTTTCTTTAGAACTCCTGGGAGAAAAGGGATATAATTTCCTTAGTAGCATAATCACATCTTTGTGTCTGAAAGGTTCATTCACTATTCACTG,1,0,0.15,0.821212121,High
chr8,133087322,133087442,0,215,r,0.583333,0.416667,CTGTGTTTCTTTAGAACTCCTGGGAGAAAAGGGATATAATTTCCTTAGTAGCATAATCACATCTTTGTGTCTGAAAGGTTCATTCACTATTCACTGCAGGCTGAGAGTAAGGCTGGGGCA,1,0,0.133333,0.851852222,High
chr8,133087446,133087566,4,216,f,0.5,0.5,TAAGGTGACATGAAAAAGGAGACGGGGCAGGGTCCAGCAGTTTAATAATGCCCTGTTGACATATGACTGGATGGTCCAGGAGCTGGTGTACAAAGGTATTCAGGAGTGGGAGGAGCCTGA,0,0,0.05,0.932323232,High
chr8,133087641,133087761,0,216,r,0.55,0.45,GAGTGAGATGTCCAAAAGCAAGCTGGAAAAATGCAGCAAAAACCACAGCAACTCAAGTCCTCAGCCTCTGTCAGGAGTTCTGAAAACAGAGCTACAAACTCAGGAAATGGTCTTCGTCTA,1,0,0.1,0.888888889,High
chr8,133087765,133087885,4,217,f,0.583333,0.416667,CATGAGAATTAACTGTGCAGGGATGGAAAGGGTAGGTATCCCTTAACACAGAACAACAGGACATCATACCCAGCAAATGAGGTTGCATTTTGCAGTCATCTTTTTTATTCCTTCCTCCTT,1,0,0.133333,0.83973101,High
chr8,133088250,133088370,0,217,r,0.533333,0.466667,cttgttcAAAATAAACACAAGCAATAGTAATGACTGGGCACTGGTACTTACTTGAAACTTGATGGGGTCTTGGGACCAGGACTGGCTCTTCACCAGCAGTGAATGGCCACTCTGCAGAGA,1,7,0.083333,0.814074444,High
chr8,133088374,133088494,4,218,f,0.633333,0.366667,ACCTGCAAAGGGCAGGAATGGCCTTCCAGAAGTCAGAATGGAATTACCTTAGGTGATACACACAGCAAGAAATTTATAACATCTTAAAGGTAAATCATTCTTGAAATCTATaggaaaatg,3,9,0.183333,0.664175455,Medium
chr8,133088979,133089099,0,218,r,0.516667,0.483333,ATCCCATCATTACTGTGATACAGCGTGATGGTTGCCATTGGAAACCAGCTGACATTGGTAAGTTATGGTGACCCTGCACAGGAGAGCGATGGTGTTGTACAGGAAGTGTCCAATGTGGGT,1,0,0.066667,0.925925556,High
chr8,133089297,133089417,13,221,f,0.5,0.5,AAGATTCTGGCCTCTGGCGAAACCAGCAATACAGTCTCCTTGTAGGAGACCAGTGAGAGAGAAGCTCAAGCAGGCAAGTTCCGTCATATGGATAAGTGGAAGGAAAGAGGTGAGGCTGAG,0,0,0.05,0.905050505,High
chr8,133089423,133089543,0,221,r,0.466667,0.533333,CCGAGGCACAGGCGATGGACACCCAGTTCAGCTGGGTCAGGTGACATCTACTCTAAGTCAAGCAGCACAGCAGTTCTGGAGGAGAGTGGGCTTTGCAGGCACACAAAGTGCATACATAAA,0,0,0.016667,0.981481111,High
chr8,133089559,133089679,16,222,f,0.4,0.6,CAGTAAGCAGTGTGCTGTGGCTGGAGTCTAGAGGAGGAAGGTGGAGGGGCGAGGTGAGGCTGAGCAGCAGGCAGGGCTCATGCCTGGAATTTCAGGCCCGGGTCCATCCATCACAGTTGT,0,0,0.05,0.895959596,High
chr8,133089727,133089847,0,222,r,0.558333,0.441667,GGGGAGTGCGATTACATAAAAGAGAGAGGAACTGGGGAATGAAAGAAGGAGCTTTCATTCATCTACAGATGGGAAGAAAGAGGTAGGGCAAAGGAAAGGAGAAGGAAGAGTTTGCTTCAT,1,0,0.108333,0.87963,High
chr8,133089907,133090027,60,223,f,0.5,0.5,ATCAAAACAGACAATGCTAAGTTTAATTTAAAACGGGAGAGGTAGAAGTGAGCACCCTCTCTTACCCAAGGTAGGGCTGGCCTGGGATGGGCTGCCAGGTGTGGCCATTATCTCAGCAGC,0,0,0.05,0.762626263,High
chr8,133090729,133090849,69,223,r,0.591667,0.408333,TTAAGAAAAATCCTTGGCTCATGCTATTTAATGGAGTTGATTTATTTTCCTCTACACCACCCAGTCATCCTTGTTTCCTTGCCTGCTGACACCTAtcaattcttatctcttggggaagcc,3,25,0.141667,0.30016798,Low
chr8,133091877,133091997,55,227,f,0.5,0.5,GGTAAGGATTTTGCTTATATATGTGAGCCTAGAGGTAACAGGAGCGAGACATAGCAAAGGGGAGGAAAGGGTGAGAATGCATCTTACCCAAGGCTGGGAGAGTGTGGGAGGCACTGAACC,0,0,0.05,0.777777778,High
chr8,133091971,133092091,1,227,r,0.4,0.6,TGGGAGAGTGTGGGAGGCACTGAACCATGTGGCTGTGGCCCTGGCTGGAAGCTCAGGAGGCCTGCCTGTGTTCAGGGTCTCCTCTGTTTCTGAAGGAGCAGCTGTCTCTGTCCAGGGAGA,0,0,0.05,0.941414141,High
chr8,133092096,133092216,4,228,f,0.441667,0.558333,TCAGAGCAGATGCCCAGGGTGTGCTCTGGGTCCAGTGTCCGGGGCTTGTACTTGGTAGTGTTTTCTGGCTTTTGGTTGTGGGCTTTGAAGTCCTGGCAGTTCCCCTGGTAGCTGCACCTT,0,0,0.008333,0.978619899,High
chr8,133098576,133098696,0,236,r,0.483333,0.516667,AATGCATGTAGAATGTGAACTGTCTAATTGCAGGAGTGGCCTTGCAGCCTCATTTCCTCTCTCTGTGCTACTTGGCCCATTAACACCCTGCGTGCAACACCAGCCTGAGCCTTGCTCCCA,0,0,0.033333,0.962963333,High
chr8,133098700,133098820,4,237,f,0.575,0.425,AACCAGACATGGGGCTAAGTACATCCAGCCAAACTATCACTCAGCCAGGTACTTGCTTTCAGGCACATCAACTTTAGCATCAGCTTGTAAATATGTTCTCTCTTCCTAAGCATTTGTTCT,1,0,0.125,0.848989899,High
chr8,133098819,133098939,0,237,r,0.55,0.45,TTGTTGAAGGAGCACAAAGTGGGACAATTAATTGAGACTGGCGTGTGTGTGTGTTGAGGGGGGTGTGGTGGGAATGTCATGGAAAGACTCTCCAAATAAATGAGATTGACTCAACCCTAA,1,0,0.1,0.888888889,High
chr8,133098943,133099063,4,238,f,0.566667,0.433333,TGTCCTGAGAATCGGGCAGGTGAAGGTAATCTACCAACTGCCCATTTCATCTTCTTATCAAGTAGTCTTGTCCCATACAAACTGAGGTTCCTTCCATAGCATAATCAAAAGATGCCCTAC,1,0,0.116667,0.858248788,High
chr8,133099792,133099912,80,239,f,0.466667,0.533333,cagtatagcgaaacacaacaCCTGAGGGCAGCTTTCAGTCATTAGTGTGCCAGGTGGGACCCTGGTCTGGAGAGTCTATGGGAGGAGTTTGGGAGGTTGGTACTCACCCAGAACACCAGA,2,20,0.016667,0.472390202,Medium
chr8,133099829,133099949,51,239,r,0.5,0.5,GTCATTAGTGTGCCAGGTGGGACCCTGGTCTGGAGAGTCTATGGGAGGAGTTTGGGAGGTTGGTACTCACCCAGAACACCAGACAAGCCGCTGGTAAATGTGTAATTGATAATGGGATAT,0,0,0.05,0.78989899,High